Conference,Type,Title,In Charge,Presentation year
ICSE,F,3D Software Synthesis Driven by Constraint-Expressive Intermediate Representation,,
ICSE,F,"A Causal Perspective on Measuring, Explaining and Mitigating Smells in LLM-Generated Code",,
ICSE,F,Accelerating IC3 Verification by Exploiting Unsatisfiable Cores and Satisfying Models,,
ICSE,F,Accurate Inference of Termination Conditions,,
ICSE,F,A Comparison of Conversational Models and Humans in Answering Technical Questions: the Firefox Case,,
ICSE,F,A Comprehensive Study of Concurrency Bugs in the Linux Kernel,,
ICSE,F,A Comprehensive Study of Deep Learning Model Fixing Approaches,,
ICSE,F,Actionable Warning Is Not Enough: Recommending Valid Actionable Warnings with Weak Supervision,,
ICSE,F,AdapTrack: Constrained Decoding without Distorting LLM's Output Intent,,
ICSE,F,ADARULE: LLM-Driven Natural Language to LTL Conversion via Pattern-Adaptive Rule Induction,,
ICSE,F,A First Look at Model Supply Chain: From the Risk Perspective,,
ICSE,F,Agent-Based Ensemble Reasoning for Repository-Level Issue Resolution,,
ICSE,F,Agentic Predicates Reasoning for Directed Fuzzing,,
ICSE,F,AgentSpec: Customizable Runtime Enforcement for Safe and Reliable LLM Agents,,
ICSE,F,A Large-Scale Empirical Study of Secret Key Leakage in Hugging Face Spaces,,
ICSE,F,Aligning Requirement for Large Language Model's Code Generation,,
ICSE,F,AnchorDiff: Binary OSS Version Identification Method Based on Anchor Node Slicing,,
ICSE,F,An empirical Analysis of Community and Coding Patterns in OSS4SG vs. Conventional OSS,,
ICSE,F,An Empirical Study of Fine-Grained Entity Relationships for Tracing Natural Language and Code Vulnerability Artifacts,,
ICSE,F,An Empirical Study of Knowledge Distillation for Code Understanding Tasks,,
ICSE,F,An Empirical Study of WebAssembly Usage in Node.js,,
ICSE,F,An Empirical Study on Static Application Security Testing (SAST) Tools for Python,,
ICSE,F,An Empirical Study on the Robustness of Android Third-Party Library Detection Tools Against Advanced Obfuscation,,
ICSE,F,An Eye for AI: Eye-Tracking the Micro-Interruptions of GenAI Code Suggestions,,
ICSE,F,An LLM Agentic Approach for Legal-Critical Software: A Case Study for Tax Prep Software,,
ICSE,F,Are Humans and LLMs Confused by the Same Code? An Empirical Study on Fixation-Related Potentials and LLM Perplexity,,
ICSE,F,Are “Solved Issues” in SWE-bench Really Solved Correctly? An Empirical Study,,
ICSE,F,Argus: A Multi-agent Sensitive Information Leakage Detection Framework Based on Hierarchical Reference Relationships,,
ICSE,F,A Semantic-based Optimization Approach for Repairing LLMs: Case Study on Code Generation,,
ICSE,F,AssertFlip: Reproducing Bugs via Inversion of LLM-Generated Passing Tests,,
ICSE,F,Assessing Coherency and Consistency of Code Execution Reasoning by Large Language Models,,
ICSE,F,Atomizer: An LLM-based Collaborative Multi-Agent Framework for Intent-Driven Commit Untangling,,
ICSE,F,AtPatch: Debugging Transformers via Hot-Fixing Over-Attention,,
ICSE,F,Attention Distance: A Novel Metric for Directed Fuzzing with Large Language Models,,
ICSE,F,Attention Pruning: Automated Fairness Repair of Language Models via Surrogate Simulated Annealing,,
ICSE,F,Automated Network-Level Fault Injection Testing of Microservice Architectures,,
ICSE,F,Automatic Dockerfile Generation with Large Language Models,,
ICSE,F,Automating API Documentation from Crowdsourced Knowledge,,
ICSE,F,Automating Just-In-Time Python Type Annotation Updating,,
ICSE,F,Automating Requirements Formalization: Using LLMs and Low-Complexity Distinguishing Traces for Semantic Validation,,
ICSE,F,Back to the Basics: Rethinking Issue-Commit Linking with LLM-Assisted Retrieval,,
ICSE,F,Bayesian Multi-Level Performance Models for Multi-Factor Variability of Configurable Software Systems,,
ICSE,F,Beyond Adoption: Examining the Evolution and Impact of Codes of Conduct on Open-Source Communities,,
ICSE,F,Beyond Correctness: Exposing LLM-generated Logical Flaws in Reasoning via Multi-step Automated Theorem Proving,,
ICSE,F,Beyond Final Code: A Process-Oriented Error Analysis of Software Development Agents in Real-World GitHub Scenarios,,
ICSE,F,Beyond Fuzzy Matching: Constraint-Guided Patch Presence Testing for Obfuscated Java Binaries,,
ICSE,F,BFix: Automated Safe Memory-Leak Fixing for Binary Code,,
ICSE,F,Boosting Gas Revenues of Ethereum Miners,,
ICSE,F,Bounded Exhaustive Random Program Generation for Testing Solidity Compilers,,
ICSE,F,Breaking Single-Tester Limits: Multi-Agent LLMs for Multi-User Feature Testing,,
ICSE,F,Breaking Strong Encapsulation: A Comprehensive Study of Java Module Abuse,,
ICSE,F,Breaking the Alphabet: Rethinking File Ordering in Code Review,,
ICSE,F,BTreeFuzz: Enhanced Feedback Mechanism for ROS Program Fuzzer Based on Behavior Tree,,
ICSE,F,Bytecode-centric Detection of Known-to-be-vulnerable Dependencies in Java Projects,,
ICSE,F,Can SAT Solvers Keep Up With the Linux Kernel's Feature Model?,,
ICSE,F,Causal or Correlational? A Cohort Study on the Effects of Code Smells on Class Change- and Fault-Proneness,,
ICSE,F,CCLInsight: Unveiling Insights in GPU Collective Communication Libraries via Primitive-Centric Analysis,,
ICSE,F,"Change And Cover: Last-Mile, Pull Request-Based Regression Test Augmentation",,
ICSE,F,Characterizing GPU-accelerated Web Applications in Browsers,,
ICSE,F,Characterizing Regression Bug‑Inducing Changes and Improving LLM‑Based Regression Bug Detection,,
ICSE,F,Checking Unsupervised Learning for Nondeterminism and Inconsistency via SMT Solving,,
ICSE,F,"Closing the Chain: How to reduce your risk of being SolarWinds, Log4j, or XZ Utils",,
ICSE,F,Cobblestone: A Divide-and-Conquer Approach for Automating Formal Verification,,
ICSE,F,"CoBrA: Context-, Branch-sensitive Static Analysis for Detecting Taint-style Vulnerabilities in PHP Web Applications",,
ICSE,F,CodeMapper: A Language-Agnostic Approach to Mapping Code Regions Across Commits,,
ICSE,F,Cognitive Biases in LLM-Assisted Software Development,,
ICSE,F,CombCT: Compiler Testing via Combinatorial Testing,,
ICSE,F,Comfrey: Mitigating Integration Failures in LLM-enabled Software at Run-Time,,
ICSE,F,Configuration-Sensitive Linux Kernel Fuzzing,,
ICSE,F,ConfLogger: Enhance Systems' Configuration Diagnosability through Configuration Logging,,
ICSE,F,ConfuGuard: Using Metadata to Detect Active and Stealthy Package Confusion Attacks Accurately and at Scale,,
ICSE,F,Connected to Stay: Gender Homophily and Its Role in Open-Source Software Developer Retention,,
ICSE,F,Context-Free Grammar Inference for Complex Programming Languages in Black Box Settings,,
ICSE,F,Context-Free Property Oriented Fuzzing,,
ICSE,F,CoReX: Context-Aware Refinement-Based Slicing for Debugging Regression Failures,,
ICSE,F,CREME: Robustness Enhancement of Code LLMs via Layer-Aware Model Editing,,
ICSE,F,CRUDinfer: Automated CRUD Semantics Inference for REST APIs Through Black-box Testing,,
ICSE,F,D-BUNDLR: Destructing JavaScript Bundles for Effective Static Analysis,,
ICSE,F,Debugging Performance Issues in WebAssembly Runtimes via Mutation-based Inference,,
ICSE,F,Decades of GNU Patch and Git Cherry-Pick: Can We Do Better?,,
ICSE,F,Defects4REST: A Benchmark of Real-World Defects to Enable Controlled Testing and Debugging Studies for REST APIs,,
ICSE,F,DeFT: Maintaining Determinism and Extracting Unit Tests for Autonomous Driving Planning,,
ICSE,F,Demystifying the CVE Ecosystem: Community-Perceived Impacts and Problems,,
ICSE,F,Dependency-aware Residual Risk Analysis,,
ICSE,F,Depradar: Agentic Coordination for Context-Aware Defect Impact Analysis in Deep Learning Libraries,,
ICSE,F,Designing Abandabot: When Does Open Source Dependency Abandonment Matter?,,
ICSE,F,Diffploit: Facilitating Cross-Version Exploit Migration for Open Source Library Vulnerabilities,,
ICSE,F,Distance-Guided Search in Program Synthesis with Imperfect LLM Solutions,,
ICSE,F,DNN Modularization via Activation-Driven Training,,
ICSE,F,Do Unit Proofs Work? An Empirical Study of Compositional Bounded Model Checking for Memory Safety Verification,,
ICSE,F,Dually Hierarchical Drift Adaptation for Online Configuration Performance Learning,,
ICSE,F,DyMA-Fuzz: Dynamic Direct Memory Access Abstraction for Re-hosted Monolithic Firmware Fuzzing,,
ICSE,F,EchoFuzz: Empowering Smart Contract Fuzzing with Large Language Models,,
ICSE,F,Efficient Build Dependency Verification Using eBPF and Incremental Analysis,,
ICSE,F,Efficient Strong Updates For Path Sensitive Data Dependence Analysis,,
ICSE,F,EmbedAgent: Benchmarking Large Language Models in Embedded System Development,,
ICSE,F,EMC: A Semantic-Enhanced Malware Classification Method with Robustness and Scalability,,
ICSE,F,"Enabling Global, Human-Centered Explanations for LLMs: From Tokens to Interpretable Code and Test Generation",,
ICSE,F,End-to-End Model Generation with Large Language Models for Adaptive IoT Application Deployment,,
ICSE,F,Energy-Efficient Software Development: A Multi-dimensional Empirical Analysis of Stack Overflow,,
ICSE,F,Enforcing Control Flow Integrity on DeFi Smart Contracts,,
ICSE,F,Enhancing Issue Localization Agent with Tool-Interactive Training,,
ICSE,F,Enhancing LLM Code Generation with Ensembles: A Similarity-Based Selection Approach,,
ICSE,F,Enhancing Symbolic Execution with Self-Configuring Parameters,,
ICSE,F,Environment-Aware Code Generation: How far are We?,,
ICSE,F,E-Test: E'er-Improving Test Suites,,
ICSE,F,Evaluating and Improving Automated Repository-Level Rust Issue Resolution with LLM-based Agents,,
ICSE,F,Evaluating Generated Commit Messages with Large Language Models,,
ICSE,F,Evaluating the effectiveness of LLM-based interoperability,,
ICSE,F,"Evolving Trends, Patterns, and Hidden Pitfalls: Unveiling JavaScript Feature Usage in the Wild",,
ICSE,F,Evolving with AI: A Longitudinal Analysis of Developer Logs,,
ICSE,F,Exploring and Improving Real-World Vulnerability Data Generation via Prompting Large Language Models,,
ICSE,F,Fairness Is Not Just Ethical: Performance Trade-Off via Data Correlation Tuning to Mitigate Bias in ML Software,,
ICSE,F,Fast Flow-Sensitive C Program Partitioning via Iterative Value-Flow Refinement,,
ICSE,F,Filtering before Tuning: Robust Fine-Tuning of Large Code Models under Noisy Labels,,
ICSE,F,Fine-Grained Analyses for Evolution-Aware Runtime Verification,,
ICSE,F,FlipFlop: A Static Analysis-based Energy Optimization Framework for GPU Kernels,,
ICSE,F,FlowScope: Non-Intrusive Distributed Tracing with Method-Level Delay Estimation for Microservices Troubleshooting,,
ICSE,F,FM4MC: Improving Feature Models for Microservice Chains—Towards More Efficient Configuration and Validation,,
ICSE,F,FORGE: An LLM-driven Framework for Large-Scale Smart Contract Vulnerability Dataset Construction,,
ICSE,F,FoundRoot: Towards Foundation Model for Root Cause Analysis via Structured Deep Thinking,,
ICSE,F,FrameShift: Resizing Fuzzer Inputs Without Breaking Them,,
ICSE,F,FreshBrew: A Benchmark for Evaluating AI Agents on Java Code Migration,,
ICSE,F,From Code Changes to Quality Gains: An Empirical Study in Python ML Systems with PyQu,,
ICSE,F,From Code to Correctness: Closing the Last Mile of Code Generation with Hierarchical Debugging,,
ICSE,F,From Seed to Scope: Reasoning to Identify Change Impact Sets,,
ICSE,F,Fuzzing Java Optimizing Compilers with Complex Inter-Class Structures Guided by Heterogeneous Program Graphs,,
ICSE,F,Fuzzing JavaScript Engines by Fusing JavaScript and WebAssembly,,
ICSE,F,Generating Energy-Efficient Code via Large-Language Models - Where are we now?,,
ICSE,F,Generator Solving for Symbolic Execution,,
ICSE,F,GPTrace: Effective Crash Deduplication Using LLM Embeddings,,
ICSE,F,Hallucinating Certificates: Differential Testing of TLS Certificate Validation Using Generative Language Models,,
ICSE,F,HarnessLLM: Rust Verification Harness Generation with Large Language Models,,
ICSE,F,Heterogeneous Prompting and Execution Feedback for SWE Issue Test Generation and Selection,,
ICSE,F,"Hey, ChatGPT, Look at My Work: Using Conversational AI in Requirements Engineering Education",,
ICSE,F,HistoryFinder: Advancing Method-Level Source Code History Generation with Accurate Oracles and Enhanced Algorithm,,
ICSE,F,HoarePrompt: Structural Reasoning About Program Correctness in Natural Language,,
ICSE,F,How Does Core Contributor Disengagement Impact Open Source Project Activity? A Quasi-Experiment,,
ICSE,F,How Do Semantically Equivalent Code Transformations Impact Membership Inference on LLMs for Code?,,
ICSE,F,How Good are Input Grammar Miners? An Empirical Study,,
ICSE,F,Hybrid Fault-Driven Mutation Testing for Python,,
ICSE,F,Imitation Game: Reproducing Deep Learning Bugs Leveraging an Intelligent Agent,,
ICSE,F,Improving Code Generation via Small Language Model-as-a-judge,,
ICSE,F,“I need to learn better searching tactics for privacy policy laws.” Investigating Software Developers’ Behavior When Using Sources on Privacy Issues,,
ICSE,F,InferLog: Accelerating LLM Inference for Online Log Parsing via ICL-oriented Prefix Caching,,
ICSE,F,Input Reduction Enhanced LLM-based Program Repair,,
ICSE,F,Insecure Ingredients? Exploring Dependency Update Patterns of Bundled JavaScript Packages on the Web,,
ICSE,F,Inside Out: Uncovering How Comment Internalization Steers LLMs for Better or Worse,,
ICSE,F,IntelliRadar: A Comprehensive Platform to Pinpoint Malicious Package Information from Cyber Intelligence,,
ICSE,F,INTENTFIX: Automated Logic Vulnerability Repair via LLM-Driven Intent Modeling,,
ICSE,F,Is Call Graph Pruning Really Effective? An Empirical Re-evaluation,,
ICSE,F,Is My RPC Response Reliable? Detecting RPC Bugs in Blockchain Client under Context,,
ICSE,F,Issue2Test: Generating Reproducing Test Cases from Issue Reports,,
ICSE,F,JEDI: Java Evaluation of Declarative and Imperative Queries - Benchmarking the Java Stream API,,
ICSE,F,Knowledge-Augmented Log Anomaly Detection with Large Language Models,,
ICSE,F,Knowledge Matters: Injecting Project and Testing Knowledge into LLM-based Unit Test Generation,,
ICSE,F,Large Language Model-Aided Partial Program Dependence Analysis,,
ICSE,F,Learning From Software Failures: A Case Study at a National Space Research Center,,
ICSE,F,Learning without Forgetting: Towards Continual learning of Fault Localization Models in Industrial Software Systems,,
ICSE,F,Let the Trial Begin: A Mock-Court Approach to Vulnerability Detection using LLM-Based Agents,,
ICSE,F,Light over Heavy: Automated Performance Requirements Quantification with Linguistic Inducement,,
ICSE,F,LikeThis! Empowering App Users to Submit UI Improvement Suggestions Instead of Complaints,,
ICSE,F,LLM4JMH: Studying the Use of LLMs for Generating Java Performance Microbenchmarks,,
ICSE,F,LLM4Perf: Large Language Models Are Effective Samplers for Multi-Objective Performance Modeling,,
ICSE,F,LLM-based Agents for Automated Bug Fixing: How Far Are We?,,
ICSE,F,LLM-based API Argument Completion with Knowledge-Augmented Prompts,,
ICSE,F,LLM-based Vulnerability Discovery through the Lens of Code Metrics,,
ICSE,F,LLM Test Generation via Iterative Hybrid Program Analysis,,
ICSE,F,LogFold: Compressing Logs with Structured Tokens and Hybrid Encoding,,
ICSE,F,LoopSCC: Summarizing Complex Multi-branch Nested Loops via Periodic Oscillation Interval,,
ICSE,F,LSPRAG: LSP-Guided RAG for Language-Agnostic Real-Time Unit Test Generation,,
ICSE,F,MaCTG: Multi-Agent Collaborative Thought Graph for Automatic Programming,,
ICSE,F,MazeBreaker: Multi-Agent Reinforcement Learning for Dynamic Jailbreaking of LLM Security Defenses,,
ICSE,F,Measuring the Influence of Incorrect Code on Test Generation,,
ICSE,F,Memory-Efficient Large Language Models for Program Repair with Semantic-Guided Patch Generation,,
ICSE,F,Metamorphic Fuzzing for Multi-Agent Path Finding Algorithms,,
ICSE,F,META²V2V: Revealing Behavioural Deviations under Mutual Perception in Multi-Vehicle Autonomous Driving,,
ICSE,F,Metronome: Differentiated Delay Scheduling for Serverless Functions,,
ICSE,F,MINES: Explainable Anomaly Detection through Web API Invariant Inference,,
ICSE,F,Minimizing Breaking Changes and Redundancy in Mitigating Technical Lag for Java Projects,,
ICSE,F,MioHint: LLM-Assisted Request Mutation for Whitebox REST API Testing,,
ICSE,F,Misbehavior Forecasting for Focused Autonomous Driving Systems Testing,,
ICSE,F,Modeling Like Peeling an Onion: Layerwise Analysis-Driven Automatic Behavioral Model Generation,,
ICSE,F,ModularEvo: Evolving Multi-Task Models via Neural Network Modularization and Composition,,
ICSE,F,More with Less: An Empirical Study of Turn-Control Strategies for Efficient Coding Agents,,
ICSE,F,Multi-Location Software Model Completion,,
ICSE,F,MutDafny: A Mutation-Based Approach to Assess Dafny Specifications,,
ICSE,F,NB2P: Generating Data Science Pipelines from Computational Notebooks,,
ICSE,F,No Shot in the Dark: Efficient Context-Free Language Reachability via Context-Aware Tabulation,,
ICSE,F,NotDec: WebAssembly Decompilation With Inter-Procedural Type Recovery,,
ICSE,F,OctopusGuard: K-Line Enhanced Token Scam Detector Powered by Multimodal LLMs,,
ICSE,F,"One Signature, Multiple Payments: Demystifying and Detecting Signature Replay Vulnerabilities in Smart Contracts",,
ICSE,F,One Size Does Fit All: Kernel-Assisted Fine-Grained Debloating and Layout Randomization for Shared Libraries,,
ICSE,F,On Interaction Effects in Greybox Fuzzing,,
ICSE,F,Online and Interactive Bayesian Inference Debugging,,
ICSE,F,On LLMs’ Internal Representation of Code Correctness,,
ICSE,F,On the Robustness of Fairness Practices: A Causal Framework for Systematic Evaluation,,
ICSE,F,Optimization-Aware Test Generation for Deep Learning Compilers,,
ICSE,F,Order Matters! An Empirical Study on Large Language Models' Input Order Bias in Software Fault Localization,,
ICSE,F,"Out of Distribution, Out of Luck: How Well Can LLMs Trained on Vulnerability Datasets Detect Top 25 CWE Weaknesses?",,
ICSE,F,Panoptes: A Profile Clustering Framework for Context-Aware Binary Optimization,,
ICSE,F,Parse this! Summoning Context-Sensitive Inputs with Goblin,,
ICSE,F,Perspective-Taking in Software Engineering: A Study on its Relationship to Team Performance,,
ICSE,F,Portable Power Modeling with Transfer Learning on JVM-Based Applications,,
ICSE,F,Practitioner Views on Mobile App Accessibility: Practices and Challenges,,
ICSE,F,Precise Static Identification of Ethereum Storage Variables,,
ICSE,F,PredicateFix: Repairing Static Analysis Alerts with Bridging Predicates,,
ICSE,F,Predicting Failures in Smart Human-Centric EcoSystems,,
ICSE,F,PreServe: Intelligent Management for LMaaS Systems via Hierarchical Prediction,,
ICSE,F,Project-Level Resource Leak Detection through Agent-based Ownership Analysis and Repair Pattern Verification,,
ICSE,F,PromiseTune: Unveiling Causally Promising and Explainable Configuration Tuning,,
ICSE,F,ProofCoop: Collaborative Automated Formal Verification,,
ICSE,F,ProxyWar: Dynamic Assessment of LLM Code Generation in Game Arenas,,
ICSE,F,PTV: Scalable Version Detection of Web Libraries and its Security Application,,
ICSE,F,PyXray: Practical Cross-Language Call Graph Construction through Object Layout Analysis,,
ICSE,F,Quantifying Memorization Advantage in Code LLMs,,
ICSE,F,RBCTest: Leveraging LLMs to Mine and Verify Oracles of API Response Bodies for RESTful API Testing,,
ICSE,F,RealityCraft: Automated Synthesis of Extended Reality Device Interaction Scripts from Natural Language Instructions,,
ICSE,F,RefAgent: A Multi-agent LLM-based Framework for Automatic Software Refactoring,,
ICSE,F,Reflections on the Reproducibility of Commercial LLM Performance in Empirical Software Engineering Studies,,
ICSE,F,Remediating Superfluous Re-Rendering in React Applications,,
ICSE,F,Repairing LLM Executions for Secure Automatic Programming,,
ICSE,F,Repair Ingredients Are All You Need: Improving Large Language Model-Based Program Repair via Repair Ingredients Search,,
ICSE,F,RepoScope: Leveraging Call Chain-Aware Multi-View Context for Repository-Level Code Generation,,
ICSE,F,Rethinking the Capability of Fine-Tuned Language Models for Automated Vulnerability Repair,,
ICSE,F,Rethinking the Evaluation of Secure Code Generation,,
ICSE,F,Retrieval-Augmented Test Generation: How Far Are We?,,
ICSE,F,Revisiting "Revisiting Neuron Coverage for DNN Testing: A Layer-Wise and Distribution-Aware Criterion": A Critical Review and Implications on DNN Coverage Testing,,
ICSE,F,RISE: Rule-Driven SQL Dialect Translation via Query Reduction,,
ICSE,F,RulePilot: An LLM-Powered Agent for Security Rule Generation,,
ICSE,F,Rusted Types: Static Detection of Rust Type Confusion Bugs,,
ICSE,F,RusyFuzz: Unhandled Exception Guided Fuzzing for Rust OS Kernel,,
ICSE,F,SAFE: Harnessing LLM for Scenario-Driven ADS Testing from Multimodal Crash Data,,
ICSE,F,SAINT: Service-level Integration Test Generation with Program Analysis and LLM-based Agents,,
ICSE,F,Same Same But Different: Preventing Refactoring Attacks on Software Plagiarism Detection,,
ICSE,F,Sapling: Quantifying and Measuring the Maturity of the RISC-V Software Ecosystem,,
ICSE,F,Scaling Security Testing by Addressing the Reachability Gap,,
ICSE,F,Scalpel: Automotive Deep Learning Framework Testing via Assembling Model Components,,
ICSE,F,Scrub It Out! Erasing Sensitive Memorization in Code Language Models via Machine Unlearning,,
ICSE,F,SEAlign: Alignment Training for Software Engineering Agent,,
ICSE,F,SecureReviewer: Enhancing Large Language Models for Secure Code Review through Secure-Aware Fine-Tuning,,
ICSE,F,Securing the AI Supply Chain: What Can We Learn From Developer-Reported Security Issues and Solutions of AI Projects?,,
ICSE,F,SEER: Enhancing Chain-of-Thought Code Generation through Self-Exploring Deep Reasoning,,
ICSE,F,Semantic-Enhanced Automatic Refinement of Architecture Recovery Results Using LLMs,,
ICSE,F,SeRe: A Security-Related Code Review Dataset Aligned with Real-World Review Activities,,
ICSE,F,"Six Million (Suspected) Fake Stars on GitHub: A Growing Spiral of Popularity Contests, Spams, and Malware",,
ICSE,F,"Small Changes, Big Trouble: Demystifying and Parsing License Variants for Incompatibility Detection in the PyPI Ecosystem",,
ICSE,F,"SmartC2Rust: Iterative, Feedback-Driven C-to-Rust Translation via Large Language Models for Safety and Equivalence",,
ICSE,F,Smoke and Mirrors: Jailbreaking LLM-based Code Generation via Implicit Malicious Prompts,,
ICSE,F,Software Vulnerability Management in the Era of Artificial Intelligence: An Industry Perspective,,
ICSE,F,SpecGuru: Hierarchical LLM-Driven API Points-to Specification Generation with Self-Validation,,
ICSE,F,SpecOps: A Fully Automated AI Agent Testing Framework in Real-World GUI Environments,,
ICSE,F,SSAR: A Novel Software Architecture Recovery Approach Enhancing Accuracy and Scalability,,
ICSE,F,"Staying or Leaving? How Job Satisfaction, Embeddedness and Antecedents Predict Turnover Intentions of Software Professionals",,
ICSE,F,STEM-EF: A Model for Assessing Scrum Team Effectiveness Based on Emotional Factors,,
ICSE,F,StorFuzz: Using Data Diversity to Overcome Fuzzing Plateaus,,
ICSE,F,SustainDiffusion: Optimising the Social and Environmental Sustainability of Stable Diffusion Models,,
ICSE,F,SWE-Debate: Competitive Multi-Agent Debate for Software Issue Resolution,,
ICSE,F,SymRadar: PoC-Centered Bounded Verification for Vulnerability Repair,,
ICSE,F,Synthesizing Hardware-Specific Instructions for Efficient Code Generation of Simulink,,
ICSE,F,Synthetic Repo-level Bug Dataset for Training Automated Program Repair Models,,
ICSE,F,TAAF: A Trace Abstraction and Analysis Framework Synergizing Knowledge Graphs and LLMs,,
ICSE,F,TaCoS: Generated Context Summaries for Task Resumption,,
ICSE,F,TACO: Trust Assessment of Large Language Models in Coding Assistance Tasks,,
ICSE,F,TaintP2X: Detecting Taint-Style Prompt-to-Anything Injection Vulnerabilities in LLM-Integrated Applications,,
ICSE,F,TARIPlay: A Test Framework for AR Applications based on Interactive Area Detection in Playback Videos,,
ICSE,F,Temporal Specification Oriented Fuzzing for Trigger-Action-Programming Smart Home Integrations,,
ICSE,F,Test Flimsiness: Characterizing Flakiness Induced by Mutation to the Code Under Test,,
ICSE,F,TestifAI: Tomography-Based Testing for Deep Learning Systems,,
ICSE,F,Testing Deep Learning Libraries via Neurosymbolic Constraint Learning,,
ICSE,F,Testora: Using Natural Language Intent to Detect Behavioral Regressions,,
ICSE,F,"TestWeaver: Execution-aware, Feedback-driven Regression Testing Generation with Large Language Models",,
ICSE,F,The Cost vs the Benefit of Adding an Extra Code Reviewer to Mitigate Developer Turnover through Reviewer Recommenders,,
ICSE,F,The Hidden Cost of Readability: How Code Formatting Silently Consumes Your LLM Budget,,
ICSE,F,The Software Infrastructure Attitude Scale (SIAS): A Questionnaire Instrument for Measuring Professionals’ Attitudes Toward Technical and Sociotechnical Infrastructure,,
ICSE,F,The State of Open Science in Software Engineering Research: A Case Study of ICSE Artifacts,,
ICSE,F,Think Like Human Developers: Harnessing Community Knowledge for Structured Code Reasoning,,
ICSE,F,Think Outside the Box: Automating Inter-App Functionality Testing via Memory Implanting and Reasoning,,
ICSE,F,Top General Performance = Top Domain Performance? DomainCodeBench: A Multi-domain Code Generation Benchmark,,
ICSE,F,Toward Efficient Package Maintenance: An Empirical Study of Patch Sharing across Four Linux Distributions,,
ICSE,F,Towards Better Linux Kernel Fault Localization: Leveraging Contrastive Reasoning and Hierarchical Context Analysis,,
ICSE,F,Towards Global Matches for Third-Party Library Detection in Android,,
ICSE,F,Towards Scalable and Interpretable Mobile App Risk Analysis via Large Language Models,,
ICSE,F,Towards Supporting Open Source Library Maintainers with Community-Based Analytics,,
ICSE,F,Towards Understanding and Characterizing Vulnerabilities in Intelligent Connected Vehicles through Real-World Exploits,,
ICSE,F,Toward Systematic Counterfactual Fairness Evaluation of Large Language Models: The CAFFE Framework,,
ICSE,F,Toxicity Ahead: Forecasting Conversational Derailment on GitHub,,
ICSE,F,TraceCoder: A Trace-Driven Multi-Agent Framework for Automated Debugging of LLM-Generated Code,,
ICSE,F,Training on Clean Data but Getting Backdoored Models! A Poisoning Attack on Code Encoders,,
ICSE,F,TypeCare: Boosting Python Type Inference Models via Context-Aware Re-Ranking and Augmentation,,
ICSE,F,Uncovering Failures in Cyber-Physical System State Transitions: A Fuzzing-Based Approach Applied to sUAS,,
ICSE,F,Understanding DevOps Security of Google Workspace Apps,,
ICSE,F,UniCoR: Modality Collaboration for Robust Cross-Language Hybrid Code Retrieval,,
ICSE,F,Unified Software Engineering agent as AI Software Engineer,,
ICSE,F,Unlocking LLM Repair Capabilities Through Cross-Language Translation and Multi-Agent Refinement,,
ICSE,F,Unlocking the Silent Needs: Business-Logic-Driven Iterative Requirements Auto-completion,,
ICSE,F,Using a Sledgehammer to Crack a Nut? Revisiting Automated Compiler Fault Isolation,,
ICSE,F,VADA: A Multicultural Benchmark for Value-Aware Data Generation and Alignment Evaluation in LLMs,,
ICSE,F,Validating Mixed-Integer Programming Solvers,,
ICSE,F,Variability-Aware Fuzzing,,
ICSE,F,VDBFuzz: Understanding and Detecting Crash Bugs in Vector Database Management Systems,,
ICSE,F,Verification of Multi-Model Stochastic Systems,,
ICSE,F,Views on Internal and External Validity in Empirical Software Engineering: 10 Years Later and Beyond,,
ICSE,F,"Weak Programmers Need Not Apply, LLMs Welcome! Survey Screening in the AI Era",,
ICSE,F,Well Begun is Half Done: Location-Aware and Trace-Guided Iterative Automated Vulnerability Repair,,
ICSE,F,What Makes Code Generation Ethically Sourced?,,
ICSE,F,What’s in a Software Engineering Job Posting?,,
ICSE,F,What to Retrieve for Effective Retrieval-Augmented Code Generation? An Empirical Study and Beyond,,
ICSE,F,When AI Takes the Wheel: Security Analysis of Framework-Constrained Program Generation,,
ICSE,F,"When Prompts Go Wrong: Evaluating Code Model Robustness to Ambiguous, Contradictory, and Incomplete Task Descriptions",,
ICSE,F,WhisperCatcher: Demystifying Unauthorized and Encrypted Private Data Transmission in Android Applications,,
ICSE,F,Why Attention Fails: A Taxonomy of Faults in Attention-Based Neural Networks,,
ICSE,F,WhyFlow: Interrogative Debugger for Sensemaking Taint Analysis,,
ICSE,F,Women’s Career Paths in the Nordic Software Industry: A Narrative Analysis Through Gender-Switched Personas,,
ICSE,F,"“Write in English, Nobody Understands Your Language Here”: A Study of Non-English Trends in Open-Source Repositories",,
ICSE,F,Write Your Own Code Checker: An Automated Test-Driven Checker Development Approach with LLMs,,
ICSE,F,XRFix: Exploring Performance Bug Repair of Extended Reality Applications with Large Language Models,,
SANER,F,Agentic LLM-Driven C++ Build Automation: An Empirical Study,,
SANER,F,A Multi-Modal Retrieval-Augmented Framework for Compiler Backend Generation with LLMs,,
SANER,F,An Empirical Analysis of Code Clones in GitHub Actions Workflows,,
SANER,F,An Empirical Study of Privacy Leakage Vulnerability in Third-Party Android Logs Libraries,,
SANER,F,Assessing Large Language Models in Verifying Concurrent Programs,,
SANER,F,A Story About Cohesion and Separation: Unsupervised Metric for Log Parser Evaluation,,
SANER,F,Beyond Lexical: Functional Semantics and Fusion for Precise Architecture Recovery,,
SANER,F,Can LLMs Keep Up with Library Changes? An Exploratory Study on LLM-Generated Code,,
SANER,F,CloudFix: Automated Policy Repair for Cloud Access Control Policies Using Large Language Models,,
SANER,F,Cold-Start Anti-Patterns and Refactorings in Serverless Systems: An Empirical Study,,
SANER,F,Combining Static Code Analysis and Large Language Models Improves Correctness and Performance of Algorithm Recognition,,
SANER,F,CoMRA:A Framework for Automated Code Migration via Retrieval-Augmented Generation and Multi-Agent Collaboration,,
SANER,F,CONCORD: A DSL for Generating Simplified and Scalable Graph-Based Code Representations,,
SANER,F,Coverage-Guided Road Selection and Prioritization for Efficient Testing in Autonomous Driving Systems,,
SANER,F,Dialing Danger: Large-Scale Mining and Risk Assessment of Android Secret Codes in OEM Firmware,,
SANER,F,Does one CI-ze fit all? How Continuous Integration Performs in Different Contexts,,
SANER,F,Efficient Translation of Long Code Blocks using Large Language Models,,
SANER,F,From LLMs to Agents in Programming: The Impact of Providing an LLM with a Compiler,,
SANER,F,From Patterns to Precision: LLM-Guided Detection of Signature Verification Flaws in Smart Contracts,,
SANER,F,GDPO: Dual Learning for Self-Supervised Code Summarization in the Era of Large Language Models,,
SANER,F,HieraTest: Hierarchical Dependency–Driven Framework with Multi-Strategy Repair for LLM-based Unit Test Generation,,
SANER,F,InstruMate: A Systematic Framework for Assessing Android App Repackaging Resilience,,
SANER,F,Leveraging Commit-Size Context and Hyper Co-Change Graph Centralities for Defect Prediction,,
SANER,F,Leveraging Enhanced Test-Driven Development for Accurate Code Generation in LLMs,,
SANER,F,Mind the Merge: Evaluating the Effects of Token Merging on Pre-trained Models for Code,,
SANER,F,MLmisFinder: A Specification and Detection Approach of Machine Learning Service Misuses,,
SANER,F,Path-Optimal Symbolic Execution of Heap-Manipulating Programs,,
SANER,F,PiCo: Privacy-preserving Code Sanitization for Cloud-based LLMs,,
SANER,F,ProfRCA: LLM-Enabled Fine-grained Root Cause Analysis with Continuous Profiling Data,,
SANER,F,Programming Language Confusion: When Code LLMs Can't Keep their Languages Straight,,
SANER,F,Progressively Mitigating API Hallucination in LLM-Generated Code via Knowledge Graph Reasoning,,
SANER,F,Relocate and Emulate: Re-Hosting Android’s Application Layer,,
SANER,F,Requirement Formalization using Large Language Models,,
SANER,F,Reusing Legacy Code in Wasm: Key Challenges of Compilation and Code Semantics Preservation,,
SANER,F,RM -RF: Reward Model for Run-Free Unit Test Evaluation,,
SANER,F,Scratching the Iceberg: Unveiling the Outdated Third-Party Native Libraries in Android Apps,,
SANER,F,SeBERTis: A Framework for Producing Classifiers of Security-Related Issue Reports,,
SANER,F,STELLAR: A Search-Based Testing Framework for Large Language Model Applications,,
SANER,F,Symbolic Analysis for Repairing Bugs in Concurrent Persistent-Memory Programs,,
SANER,F,TestForge: A Benchmarking Framework for LLM-Based Test Case Generation,,
SANER,F,The SBOM Gap: Adoption and Compliance in Open Source Software,,
SANER,F,Towards Secure Oracle Usage: Understanding and Detecting Oracle Vulnerabilities in Smart Contracts,,
SANER,F,Understanding the Effectiveness of Mutators in Mutation-based Protocol Fuzzing,,
SANER,F,VFLAGENT: A Chain-of-Thought-Guided Multi-Agent Collaboration Framework for Vulnerable Function Localization,,
SANER,F,VulCMS: A Vulnerability Detection System Based on Centrality Analysis and Multi-Scale Attention,,
SANER,F,VulTerminator: Bringing Back Template-Based Automated Repair for Fixing Java Vulnerabilities,,
SANER,F,What You Trust Is Insecure: Demystifying How Developers (Mis)Use Trusted Execution Environments in Practice,,
ICPC,F,A Comparative Study of Dual-Monitor and Augmented-Reality Interfaces for Digital-Twin-Based Debugging,,
ICPC,F,Algorithm-Based Pipeline for Reliable and Intent-Preserving Code Translation with LLMs,,
ICPC,F,A Multi-Agent Framework for Automated Exploit Generation with Constraint-Guided Comprehension and Reflection,,
ICPC,F,An Empirical Study on Data Influence-Based Pretraining Data Selection for Code Large Language Models,,
ICPC,F,AutoLogger: A Multi-Agent Framework for the End-to-End Automated Logging,,
ICPC,F,Automated Test Suite Enhancement Using Large Language Models with Few-shot Prompting,,
ICPC,F,CodeGlance: Understanding Code Reasoning Challenges in LLMs through Multi-Scenario Analysis and Feature Investigation,,
ICPC,F,Code Ranking with Human-Inspired Agent-Based Framework,,
ICPC,F,Do Developers Read Type Information? An Eye-Tracking Study on TypeScript,,
ICPC,F,Evaluating the Impact of Post-Training Quantization on Large Language Models for Code Generation,,
ICPC,F,EyeLayer: Integrating Human Attention Patterns into LLM-Based Code Summarization,,
ICPC,F,Eye-Tracking Insights into the Effects of Type Annotations and Identifier Naming,,
ICPC,F,From Generation to Reasoning: Chain-of-Thought Guided Merge Conflict Resolution,,
ICPC,F,Grasping AI Reliance in Program Comprehension and Coding through the AIRELI Persona Taxonomy,,
ICPC,F,Guidelines to Prompt Large Language Models for Code Generation: An Empirical Characterization,,
ICPC,F,Improved Bug Localization with AI Agents Leveraging Hypothesis and Dynamic Cognition,,
ICPC,F,Leveraging Change Types and Contexts to Guide LLMs for Automated Test Code Updating,,
ICPC,F,LuaReSym: Recovering Variables Liveness Range in Stripped Lua Bytecode via Multi-Stage Static Analysis,,
ICPC,F,Modubin: A Binary Modularization Approach Based on the Locality of Homologous Functions,,
ICPC,F,On the Impact of Code Comments for Automated Bug-Fixing: An Empirical Study,,
ICPC,F,Palm: Path-aware LLM-based Test Generation with Comprehension,,
ICPC,F,Pretraining on Call Graphs: When Binary Analysis Tasks Profit From Context,,
ICPC,F,Put The "Code" Back in "Code Comprehension Study",,
ICPC,F,RepoMind: Enhancing Repository-Level Code Generation via LLM Reasoning over Structured Repository Documentation,,
ICPC,F,RlDecompiler: Enhancing LLM-based Decompilation via Reinforcement Learning with a Multi-Faceted Reward Function,,
ICPC,F,SCOPE:Tree-based Self-Correcting Online Log Parsing via Syntactic-Semantic Collaboration,,
ICPC,F,Self-Improving Code Generation via Semantic Entropy and Behavioral Consensus,,
ICPC,F,SkelDPO: A Skeleton-Guided Direct Preference Optimization Framework for Efficient Code Generation,,
ICPC,F,SQL-Commenter: Aligning Large Language Models for SQL Comment Generation with Direct Preference Optimization,,
ICPC,F,Studying Quality Improvements Recommended via Manual and Automated Code Review,,
ICPC,F,The Way of Types: A Report on Developer Experience with Type-Driven Development,,
ICPC,F,To GOTO or Not to GOTO: Measuring Structural Complexity of (Decompiled) Code,,
ICPC,F,Towards Universal Segmentation for Log Parsing,,
ICPC,F,Typify: A Lightweight Usage-driven Static Analyzer for Precise Python Type Inference,,
ICPC,F,Understanding Codebase like a Professional! Human-AI Collaboration for Code Comprehension,,
MSR,F,Adversarial Bug Reports as a Security Risk in Language Model-Based Automated Program Repair,,
MSR,F,AFGNN: API Misuse Detection using Graph Neural Networks and Clustering,,
MSR,F,A Match Made in Heaven? AI-driven Matching of Vulnerabilities and Security Unit Tests,,
MSR,F,Analyzing Dependency Distribution Changes Arising from Code Smell Interactions,,
MSR,F,Analyzing GitHub Issues and Pull Requests in nf-core Pipelines: Insights into nf-core Pipeline Repositories,,
MSR,F,An Empirical Analysis of Cross-OS Portability Issues in Python Projects,,
MSR,F,"An Empirical Study of Policy as Code: Adoption, Purpose, and Maintenance",,
MSR,F,An Empirical Study of Vulnerabilities in Python Packages and Their Detection,,
MSR,F,An Empirical Study on Line-Level Software Defect Prediction,,
MSR,F,Are Coding Agents Generating Over-Mocked Tests? An Empirical Study,,
MSR,F,Are We All Using Agents Now? An Empirical Study of Core and Peripheral Developers’ Use of Coding Agents,,
MSR,F,Beyond Single Code Changes: An Empirical Study of Topic-Based Code Review Practices in Gerrit for OpenStack,,
MSR,F,Beyond the Prompt: An Empirical Study of Cursor Rules,,
MSR,F,Bridging Design and Implementation: A Study of Multi-Agent LLM Architectures for Automated Front-End Generation,,
MSR,F,Characterizing and Modeling the GitHub Security Advisories Review Pipeline,,
MSR,F,Combining Example-Based and Rule-Based Program Transformations to Resolve Build Conflicts,,
MSR,F,Consistent or Sensitive? Automated Code Revision Tools Against Semantics-Preserving Perturbations,,
MSR,F,Context Engineering for AI Agents in Open-Source Software,,
MSR,F,Coordination at Scale in Large Distributed Development: The Case of Kubernetes,,
MSR,F,Does Programming Language Matter? An Empirical Study of Fuzzing Bug Detection,,
MSR,F,Do We Agree on What an “Audit” Is? Toward Standardized Smart Contract Audit Reporting,,
MSR,F,Evaluating the Use of LLMs for Automated DOM-Level Resolution of Web Performance Issues,,
MSR,F,Evolving Kubernetes: A Technical Debt Perspective,,
MSR,F,From Logic to Toolchains: An Empirical Study of Bugs in the TypeScript Ecosystem,,
MSR,F,How are MLOps Frameworks Used in Open Source Projects? An Empirical Characterization,,
MSR,F,How do third-party Python libraries use type annotations?,,
MSR,F,IntelliSA: An Intelligent Static Analyzer for IaC Security Smell Detection Using Symbolic Rules and Neural Inference,,
MSR,F,Investigating Autonomous Agent Contributions in the Wild: Activity Patterns and Code Change over Time,,
MSR,F,Learning Compiler Fuzzing Mutators from Historical Bugs,,
MSR,F,"Linux Kernel Recency Matters, CVE Severity Doesn’t, and History Fades",,
MSR,F,LLM-Based Detection of Tangled Code Changes for Higher-Quality Method-Level Bug Datasets,,
MSR,F,LogSieve: Task-Aware CI Log Reduction for Sustainable LLM-Based Analysis,,
MSR,F,Mining Quantum Software Patterns in Open-Source Projects,,
MSR,F,ML in a Box: Analyzing Containerization Practices in Open Source ML Projects,,
MSR,F,Modeling Sampling Workflows for Code Repositories,,
MSR,F,"Model See, Model Do? Exposure-Aware Evaluation of Bug-vs-Fix Preference in Code LLMs",,
MSR,F,PhantomRun: Auto Repair of Compilation Errors in Embedded Open Source Software,,
MSR,F,"Promises, Perils, and (Timely) Heuristics for Mining Coding Agent Activity",,
MSR,F,Quantifying Competitive Relationships Among Open-Source Software Projects,,
MSR,F,Role of CI Adoption in Mobile App Success: An Empirical Study of Open-Source Android Projects,,
MSR,F,Secret Leak Detection in Software Issue Reports using LLMs: A Comprehensive Evaluation,,
MSR,F,Source Code Hotspots: A Diagnostic Method for Quality Issues,,
MSR,F,Speed at the Cost of Quality: How Cursor AI Increases Short-Term Velocity and Long-Term Complexity in Open-Source Projects,,
MSR,F,Stop Comparing Apples and Oranges: Matching for Better Results in Mining Software Repositories Studies,,
MSR,F,The Value of Effective Pull Request Description,,
MSR,F,Toward Linking Declined Proposals and Source Code: An Exploratory Study on the Go Repository,,
MSR,F,Tracing Stereotypes in Pre-trained Transformers: From Biased Neurons to Fairer Models,,
MSR,F,Where Do Smart Contract Security Analyzers Fall Short?,,
EASE,F,Agentic Repository Mining: A Multi-Task Evaluation,,
EASE,F,An Empirical Evaluation of Code Smell Detection in Angular Applications,,
EASE,F,A Neuro-Symbolic Risk Calculus for Quantifying Security Posture in Microservice Systems,,
EASE,F,A Retrieval-Augmented Framework for Detecting and Resolving Pragmatic Ambiguities in Natural Language Requirements,,
EASE,F,A Universal Textual Merge Strategy Based on Tokens for Version Control Systems,,
EASE,F,Automated Classification of Human Code Review Comments with Large Language Models,,
EASE,F,"Beyond Code, We Are People: A Systematic Mapping of 25 Years of Literature on Soft Skills in Agile Development Teams",,
EASE,F,Beyond the YAML File: Understanding Real-World GitHub ActionsWorkflow Adoption,,
EASE,F,Boosting Automatic Java-to-Cangjie Translation with Multi-Stage LLM Training and Error Repair,,
EASE,F,Bridging the Programming Language Gap: Constructing a Multilingual Shared Semantic Space through AST Unification and Graph Matching,,
EASE,F,"Cache-Related Smells in GitLab CI/CD: Comprehensive Catalog, Automated Detection, and Empirical Evidence",,
EASE,F,Can Large Language Models Assist the Comprehension of ROS2 Software Architectures?,,
EASE,F,Can LLMs be Effective Code Contributors? A Study on Open-source Projects,,
EASE,F,Characterizing and Auto-Tuning Inference Engine Hyperparameters for Workload-Aware LLM Serving,,
EASE,F,Characterizing Datasets for LLM-based Requirements Engineering: A Systematic Mapping Study,,
EASE,F,ChatGPT: Friend or Foe When Comprehending and Changing Unfamiliar Code,,
EASE,F,COMMITSUITE: A Comprehensive Benchmark for Commit Classification and Message Generation,,
EASE,F,Context Matters: Evaluating Context Strategies for Automated ADR Generation Using LLMs,,
EASE,F,Decoding the Cost: A Phase-Level Analysis of LLM Inference in Software Development,,
EASE,F,DeepParse: Hybrid Log Parsing with LLM-Synthesized Regex Masks,,
EASE,F,DeepSCA: Dependency-Aware Software Composition Analysis for C/C++ Based on a Curated Code Feature Database,,
EASE,F,Does social identity matter in software engineering? Assessing the case of research software engineers,,
EASE,F,"Do Good, Stay Longer? Temporal Patterns and Predictors of Newcomer-to-Core Transitions in Conventional OSS and OSS4SG",,
EASE,F,Do Privacy Policies Match with the Logs? An Empirical Study of Privacy Disclosure in Android Application Logs,,
EASE,F,"Efficiency for Experts, Visibility for Newcomers: A Case Study of Label–Code Alignment in Kubernetes",,
EASE,F,Empirically Comparing Hazard-Guided LLM Mutation Techniques with Existing LLM- and Rule-Based Approaches,,
EASE,F,EnCoDe: Energy Estimation of Source Code At Design-Time,,
EASE,F,Evaluating Software Defect Prediction Models via the Area Under the ROC Curve can be Misleading,,
EASE,F,Evaluating the Environmental Impact of using SLMs and Prompt Engineering for Code Generation,,
EASE,F,Exploring Creativity in Human–Human-LLM Collaborative Software Design,,
EASE,F,HKI-RAG:Hierarchical Knowledge Indexing for Retrieval-Augmented Generation in Distributed Heterogeneous Architectures,,
EASE,F,How Compliant Are GitHub Actions Workflows? A Checklist-Based Study with LLM-Assisted Auditing,,
EASE,F,How Faithful Are Post-hoc Explanations for Transformer-Based Software Models?,,
EASE,F,ImproBR: Bug Report Improver Using LLMs,,
EASE,F,Improving Code Comprehension through Cognitive-Load Aware Automated Refactoring for Novice Programmers,,
EASE,F,"Industry Practitioners’ Perspectives on AI Model Quality: Perceptions, Challenges, and Solutions",,
EASE,F,Insights into Security-Related AI-Generated Pull Requests,,
EASE,F,Key Developer Roles and Organizational Coupling in Microservices: A Longitudinal Analysis,,
EASE,F,Locating Software Vulnerabilities With Static Analyzers: How Far Are We?,,
EASE,F,Managing Power Gaps as an Element of Pair Programming Skill: A Grounded Theory,,
EASE,F,Meditation-Based Interventions for Software Developers: A Systematic Literature Review on Well-being and Performance,,
EASE,F,Mining the YARA Ecosystem: From Ad-Hoc Sharing to Data-Driven Threat Intelligence,,
EASE,F,Mitigating False Positives in Static Memory Safety Analysis of Rust Programs via Reinforcement Learning,,
EASE,F,MoEKD: Mixture-of-Experts Knowledge Distillation for Robust and High-Performing Compressed Code Models,,
EASE,F,NeuroFlake: A Neuro-Symbolic LLM Framework For Flaky Test Classification,,
EASE,F,"One Size Fits All? An Empirical Comparison of ADR Templates regarding Comprehension, Usability, and Ease of Adoption",,
EASE,F,On the Use of Commit Messages for Corrective Software Maintenance: A Systematic Mapping Study,,
EASE,F,Pimp My LLM: Leveraging Variability Modeling to Tune Inference Hyperparameters,,
EASE,F,PLMGH: What Matters in PLM-GNN Hybrids for Code Classification and Vulnerability Detection,,
EASE,F,Quality-Driven Selective Mutation for Deep Learning,,
EASE,F,SelfHeal: Empirical Fix Pattern Analysis and Bug Repair in LLM Agents,,
EASE,F,STLGT: A Scalable Trace-Based Linear Graph Transformer for Tail Latency Prediction in Microservices,,
EASE,F,Sustainability Analysis of Prompt Strategies for SLM-based Automated Test Generation,,
EASE,F,Tail-aware N-version Machine Learning Models for Reliable API Recommendation,,
EASE,F,The Promise and Reality of Continuous Integration Caching: An Empirical Study of Travis CI Builds,,
EASE,F,The Ultimate Configuration Management Tool? Lessons from a Mixed Methods Study of Ansible’s Challenges,,
EASE,F,Think harder and Don't Overlook Your Options: Revisiting Issue-Commit Linking with LLM-Assisted Retrieval,,
EASE,F,Towards Better Static Code Analysis Reports: Sentence Transformer-based Filtering of Non-Actionable Alerts,,
EASE,F,"Towards Understanding Android APIs: Official Lists "," Vendor Customizations, and Real-World Usage",,
EASE,F,Unsafe and Unused? A History of Utility Code in Mature Open Source Projects,,
EASE,F,What Characterizes a Software Leader? Identifying Leadership Practices from Practitioners' Social Media,,
EASE,F,What Is the Cost of Energy Monitoring? An Empirical Study on the Overhead of RAPL-Based Tools,,
EASE,F,When Parsing Goes Wrong: An Empirical Study of Error Propagation and Data Augmentation in Log Anomaly Detection,,
EASE,F,Wisdom and Delusion of LLM Ensembles for Code Generation and Repair,,
